{"cameraMode":{"drawMode":0,"name":"Shaded","section":"Shading Mode"},"sceneLighting":false,"audioPlay":false,"sceneViewState":{"m_AlwaysRefresh":false,"showFog":false,"showSkybox":false,"showFlares":false,"showImageEffects":false,"showParticleSystems":false,"showVisualEffectGraphs":true,"m_FxEnabled":true},"in2DMode":false,"pivot":{"x":0.07409477233886719,"y":0.9892482161521912,"z":-0.09693276882171631},"rotation":{"x":-0.03226751834154129,"y":0.9472001791000366,"z":-0.302693247795105,"w":-0.10097233951091767},"size":0.8719386458396912,"orthographic":false}